<?xml version="1.0" encoding="utf-8"?>
<selector xmlns:android="http://schemas.android.com/apk/res/android">
    <item android:state_enabled="true">
        <shape xmlns:android="http://schemas.android.com/apk/res/android"
            android:shape="rectangle">
                <solid android:color="#388e3c" />
            <corners
                android:radius="150dp"/>
        </shape>
    </item>
    <item android:state_enabled="false">
        <shape xmlns:android="http://schemas.android.com/apk/res/android"
            android:shape="rectangle">
            <solid android:color="#81c784" />
            <corners
                android:radius="150dp"/>
        </shape>
    </item>
</selector>
