<?xml version="1.0" encoding="UTF-8"?>
<layer-list xmlns:android="http://schemas.android.com/apk/res/android">
    <item>
<shape xmlns:android="http://schemas.android.com/apk/res/android" >
    <stroke android:width="20dp" android:color="#B6B6B6" />
    <padding android:left="5dp"
        android:top="5dp"
        android:right="5dp"
        android:bottom="5dp" />

</shape>
    </item>
    <item>
<shape xmlns:android="http://schemas.android.com/apk/res/android" >

<solid android:color="#ffffffff"  />
    <corners android:radius="5dp"/>

</shape>
    </item>

</layer-list>